Workbook

Sheet Data
A1: What proportion of adults at high risk from sepsis (NEWS2 7 or more with suspected infection) receive IV antibiotics within 1 hour of their first ED NEWS2 score?
A2: Standard: Give people aged 16 or over who are at high risk of severe illness or death from sepsis broad-spectrum intravenous antibiotic treatment, within 1 hour of calculating the person's NEWS2 score on initial assessment in the emergency department or on ward deterioration. Only give antibiotics if they have not been given before for this episode of sepsis (see recommendations 1.7.7 and 1.7.8 on managing the condition while awaiting transfer). — NICE NG253 rec 1.8.3 (November 2025, updated September 2026)
A3: Pass: First IV antibiotic dose recorded as given on the drug chart within 60 minutes of the first ED NEWS2 time; or pre-hospital antibiotics already given for this episode. | Target: ≥90%
A4: Cycle | B4: Hospital number pseudonymised | C4: Arrival datetime | D4: First ed news2 datetime | E4: First ed news2 score | F4: Prehospital antibiotic given | G4: Antibiotic administered datetime | H4: Minutes news2 to antibiotic | I4: Antibiotic within 60 min | J4: Reason for delay
A5: Cycle 1 | B5: RVG4982585 | C5: 46113.481 | D5: 46113.501 | E5: 7 | F5: No | G5: 46113.525 | H5: 35 | I5: Yes | J5: no delay
A6: Cycle 1 | B6: RVG4766824 | C6: 46114.61 | D6: 46114.617 | E6: 10 | F6: No | G6: 46114.711 | H6: 136 | I6: No | J6: not recognised as sepsis
A7: Cycle 1 | B7: RVG4825624 | C7: 46116.078 | D7: 46116.09 | E7: 11 | F7: No | G7: 46116.17 | H7: 116 | I7: No | J7: no IV access
A8: Cycle 1 | B8: RVG4218956 | C8: 46117.162 | D8: 46117.171 | E8: 7 | F8: No | G8: 46117.185 | H8: 21 | I8: Yes | J8: no delay
A9: Cycle 1 | B9: RVG4406753 | C9: 46119.781 | D9: 46119.794 | E9: 11 | F9: No | G9: 46119.807 | H9: 18 | I9: Yes | J9: no delay
A10: Cycle 1 | B10: RVG4598572 | C10: 46120.424 | D10: 46120.431 | E10: 10 | F10: No | G10: 46120.447 | H10: 24 | I10: Yes | J10: no delay
A11: Cycle 1 | B11: RVG4109323 | C11: 46122.319 | D11: 46122.324 | E11: 12 | F11: No | G11: 46122.44 | H11: 166 | I11: No | J11: not recognised as sepsis
A12: Cycle 1 | B12: RVG4437354 | C12: 46123.135 | D12: 46123.14 | E12: 11 | F12: No | G12: 46123.242 | H12: 146 | I12: No | J12: not recognised as sepsis
A13: Cycle 1 | B13: RVG4492901 | C13: 46125.002 | D13: 46125.006 | E13: 7 | F13: No | G13: 46125.021 | H13: 22 | I13: Yes | J13: no delay
A14: Cycle 1 | B14: RVG4323419 | C14: 46126.971 | D14: 46126.976 | E14: 9 | F14: No | G14: 46127.038 | H14: 89 | I14: No | J14: not recognised as sepsis
A15: Cycle 1 | B15: RVG4157789 | C15: 46128.54 | D15: 46128.556 | E15: 8 | F15: No | G15: 46128.584 | H15: 41 | I15: Yes | J15: no delay
A16: Cycle 1 | B16: RVG4725891 | C16: 46129.823 | D16: 46129.835 | E16: 11 | F16: No | G16: 46129.849 | H16: 21 | I16: Yes | J16: no delay
... A28: Cycle 1 | B28: RVG4087732 | C28: 46147.955 | D28: 46147.968 | E28: 7 | F28: No | G28: 46148.001 | H28: 47 | I28: Yes | J28: no delay
A29: Cycle 1 | B29: RVG4020237 | C29: 46149.497 | D29: 46149.511 | E29: 8 | F29: Yes | I29: Yes | J29: no delay
A30: Cycle 1 | B30: RVG4408765 | C30: 46150.783 | D30: 46150.799 | E30: 7 | F30: No | G30: 46150.908 | H30: 158 | I30: No | J30: no IV access
A31: Cycle 1 | B31: RVG4617307 | C31: 46152.236 | D31: 46152.251 | E31: 8 | F31: No | G31: 46152.276 | H31: 35 | I31: Yes | J31: no delay
A32: Cycle 1 | B32: RVG4098503 | C32: 46153.25 | D32: 46153.268 | E32: 9 | F32: No | G32: 46153.39 | H32: 176 | I32: No | J32: awaiting senior review
A33: Cycle 1 | B33: RVG4207543 | C33: 46155.365 | D33: 46155.384 | E33: 7 | F33: No | G33: 46155.399 | H33: 22 | I33: Yes | J33: no delay
A34: Cycle 1 | B34: RVG4247387 | C34: 46156.68 | D34: 46156.692 | E34: 11 | F34: No | G34: 46156.817 | H34: 181 | I34: No | J34: prescribing delay
A35: Cycle 1 | B35: RVG4582031 | C35: 46158.998 | D35: 46159.012 | E35: 12 | F35: No | G35: 46159.044 | H35: 45 | I35: Yes | J35: no delay
A36: Cycle 1 | B36: RVG4106709 | C36: 46159.647 | D36: 46159.664 | E36: 8 | F36: No | G36: 46159.69 | H36: 38 | I36: Yes | J36: no delay
A37: Cycle 1 | B37: RVG4148293 | C37: 46161.994 | D37: 46162.014 | E37: 10 | F37: No | G37: 46162.044 | H37: 44 | I37: Yes | J37: no delay
A38: Cycle 1 | B38: RVG4949907 | C38: 46162.291 | D38: 46162.305 | E38: 10 | F38: No | G38: 46162.365 | H38: 87 | I38: No | J38: not recognised as sepsis
A39: Cycle 1 | B39: RVG4359701 | C39: 46164.198 | D39: 46164.202 | E39: 11 | F39: No | G39: 46164.215 | H39: 19 | I39: Yes | J39: no delay
A40: Cycle 1 | B40: RVG4548471 | C40: 46165.797 | D40: 46165.81 | E40: 7 | F40: No | G40: 46165.839 | H40: 42 | I40: Yes | J40: no delay
A41: Cycle 1 | B41: RVG4664253 | C41: 46167.474 | D41: 46167.479 | E41: 8 | F41: Yes | I41: Yes | J41: no delay
A42: Cycle 1 | B42: RVG4846175 | C42: 46168.129 | D42: 46168.147 | E42: 12 | F42: No | G42: 46168.174 | H42: 38 | I42: Yes | J42: no delay
A43: Cycle 1 | B43: RVG4458473 | C43: 46170.924 | D43: 46170.944 | E43: 8 | F43: No | G43: 46171.003 | H43: 86 | I43: No | J43: no IV access
A44: Cycle 1 | B44: RVG4169072 | C44: 46171.587 | D44: 46171.592 | E44: 12 | F44: No | G44: 46171.673 | H44: 117 | I44: No | J44: prescribing delay

Sheet Results
A1: Results · NNA-074
A2: What proportion of adults at high risk from sepsis (NEWS2 7 or more with suspected infection) receive IV antibiotics within 1 hour of their first ED NEWS2 score? (Updates automatically from the Data sheet.)
A4: Measure | B4: Cycle 1 | C4: Re-audit | E4: Pass field: Antibiotic within 60 min (Yes = met the standard) Pass definition: First IV antibiotic dose recorded as given on the drug chart within 60 minutes of the first ED NEWS2 time; or pre-hospital antibiotics already given for this episode. Target: ≥90% N/A rows are left out of % met. Rows with a blank Cycle count as Cycle 1.
A5: Records entered | B5: =SUMPRODUCT((((Data!$B$5:$B$104<>"")+(Data!$I$5:$I$104<>""))>0)*((Data!$A$5:$A$104="Cycle 1")+(Data!$A$5:$A$104=""))) | C5: =SUMPRODUCT((((Data!$B$5:$B$104<>"")+(Data!$I$5:$I$104<>""))>0)*(Data!$A$5:$A$104="Re-audit"))
A6: Met the standard (Yes) | B6: =SUMPRODUCT((Data!$I$5:$I$104="Yes")*((Data!$A$5:$A$104="Cycle 1")+(Data!$A$5:$A$104=""))) | C6: =SUMPRODUCT((Data!$I$5:$I$104="Yes")*(Data!$A$5:$A$104="Re-audit"))
A7: Did not meet (No) | B7: =SUMPRODUCT((Data!$I$5:$I$104="No")*((Data!$A$5:$A$104="Cycle 1")+(Data!$A$5:$A$104=""))) | C7: =SUMPRODUCT((Data!$I$5:$I$104="No")*(Data!$A$5:$A$104="Re-audit"))
A8: Not applicable (N/A) | B8: =SUMPRODUCT((Data!$I$5:$I$104="N/A")*((Data!$A$5:$A$104="Cycle 1")+(Data!$A$5:$A$104=""))) | C8: =SUMPRODUCT((Data!$I$5:$I$104="N/A")*(Data!$A$5:$A$104="Re-audit"))
A9: % met (Yes ÷ (Yes + No)) | B9: =IF((B6+B7)=0,"",B6/(B6+B7)) | C9: =IF((C6+C7)=0,"",C6/(C6+C7))
A10: Target | B10: 0.9 | C10: 0.9
A11: Target met? | B11: =IF(B9="","",IF(B9>=B10,"Yes","No")) | C11: =IF(C9="","",IF(C9>=C10,"Yes","No"))
A12: Change, Re-audit minus Cycle 1 (percentage points) | B12: =IF(OR(B9="",C9=""),"",ROUND((C9-B9)*100,1))
A14: Results code — copy this one line into Ai4Qi (My audits › Paste results) to make your dashboard and presentation. It contains totals only, no patient data.
A15: ="AI4QI v1 | NNA-074 | C1 "&B6&"/"&(B6+B7)&" n="&B5&" | RE "&C6&"/"&(C6+C7)&" n="&C5&IF(G17="",""," | "&MID(G17,4,8000))
G17: =IF(G22="",""," ; C1 reason for delay: "&G22)&IF(OR(C5=0,H22=""),""," ; RE reason for delay: "&H22)
A18: Have Copilot in Excel? Try this prompt: “Summarise this audit’s results for a governance meeting in three sentences, using only the Results sheet.”
A21: Reason for delay | B21: Cycle 1 | C21: Re-audit
A22: no delay | B22: =SUMPRODUCT((Data!$J$5:$J$104="no delay")*((Data!$A$5:$A$104="Cycle 1")+(Data!$A$5:$A$104=""))) | C22: =SUMPRODUCT((Data!$J$5:$J$104="no delay")*(Data!$A$5:$A$104="Re-audit")) | G22: =MID(IF(B22>0,", no delay="&B22,"")&IF(B23>0,", not recognised as sepsis="&B23,"")&IF(B24>0,", no IV access="&B24,"")&IF(B25>0,", prescribing delay="&B25,"")&IF(B26>0,", awaiting senior review="&B26,"")&IF(B27>0,", other="&B27,""),3,4000) | H22: =MID(IF(C22>0,", no delay="&C22,"")&IF(C23>0,", not recognised as sepsis="&C23,"")&IF(C24>0,", no IV access="&C24,"")&IF(C25>0,", prescribing delay="&C25,"")&IF(C26>0,", awaiting senior review="&C26,"")&IF(C27>0,", other="&C27,""),3,4000)
A23: not recognised as sepsis | B23: =SUMPRODUCT((Data!$J$5:$J$104="not recognised as sepsis")*((Data!$A$5:$A$104="Cycle 1")+(Data!$A$5:$A$104=""))) | C23: =SUMPRODUCT((Data!$J$5:$J$104="not recognised as sepsis")*(Data!$A$5:$A$104="Re-audit"))
A24: no IV access | B24: =SUMPRODUCT((Data!$J$5:$J$104="no IV access")*((Data!$A$5:$A$104="Cycle 1")+(Data!$A$5:$A$104=""))) | C24: =SUMPRODUCT((Data!$J$5:$J$104="no IV access")*(Data!$A$5:$A$104="Re-audit"))
A25: prescribing delay | B25: =SUMPRODUCT((Data!$J$5:$J$104="prescribing delay")*((Data!$A$5:$A$104="Cycle 1")+(Data!$A$5:$A$104=""))) | C25: =SUMPRODUCT((Data!$J$5:$J$104="prescribing delay")*(Data!$A$5:$A$104="Re-audit"))
A26: awaiting senior review | B26: =SUMPRODUCT((Data!$J$5:$J$104="awaiting senior review")*((Data!$A$5:$A$104="Cycle 1")+(Data!$A$5:$A$104=""))) | C26: =SUMPRODUCT((Data!$J$5:$J$104="awaiting senior review")*(Data!$A$5:$A$104="Re-audit"))
A27: other | B27: =SUMPRODUCT((Data!$J$5:$J$104="other")*((Data!$A$5:$A$104="Cycle 1")+(Data!$A$5:$A$104=""))) | C27: =SUMPRODUCT((Data!$J$5:$J$104="other")*(Data!$A$5:$A$104="Re-audit"))

Sheet How to use
A1: How to use this audit template
A3: Audit ID | B3: NNA-074
A4: Audit question | B4: What proportion of adults at high risk from sepsis (NEWS2 7 or more with suspected infection) receive IV antibiotics within 1 hour of their first ED NEWS2 score?
A5: Clinical area | B5: Emergency medicine
A6: Standard | B6: Give people aged 16 or over who are at high risk of severe illness or death from sepsis broad-spectrum intravenous antibiotic treatment, within 1 hour of calculating the person's NEWS2 score on initial assessment in the emergency department or on ward deterioration. Only give antibiotics if they have not been given before for this episode of sepsis (see recommendations 1.7.7 and 1.7.8 on managing the condition while awaiting transfer).
A7: Standard source | B7: NICE NG253 rec 1.8.3 (November 2025, updated September 2026)
A8: Standard URL | B8: https://www.nice.org.uk/guidance/ng253/chapter/Managing-suspected-sepsis
A9: Pass definition | B9: First IV antibiotic dose recorded as given on the drug chart within 60 minutes of the first ED NEWS2 time; or pre-hospital antibiotics already given for this episode.
A10: Population | B10: Adults 16 or over with suspected or confirmed infection and a first ED NEWS2 of 7 or more. Exclude end-of-life care plans and patients who left before treatment.
A11: Sample | B11: 40 consecutive eligible ED attendances over the last 2 months.
A12: Data source | B12: ED system or e-observations for first NEWS2 time; EPMA or drug chart for antibiotic administration time; ambulance record for pre-hospital antibiotics.
A13: Timeline | B13: Wk 1–2 collect; Wk 3 analyse/present; Wk 4 change; Wk 5–12 embed; Wk 13–14 re-audit
A14: Target | B14: ≥90%
A15: Re-audit | B15: Weeks 13–14: next 40 consecutive eligible attendances, same template.
A17: Steps
A18: 1. | B18: Enter one row per case on the "Data" sheet, starting under the blue header row.
A19: 2. | B19: Set the "Cycle" column to Re-audit for second-cycle cases; leave it blank (or Cycle 1) for the first audit.
A20: 3. | B20: The "Results" sheet updates as you type. Copy its one-line Results code into Ai4Qi (My audits › Paste results).
A21: 4. | B21: Use the drop-down lists where offered; dates as dd/mm/yyyy (and times as hh:mm).
A22: 5. | B22: Hover over a header to see the field name and any collection notes.
A23: 6. | B23: Record excluded cases separately; do not add them to the pass rate.
A24: 7. | B24: Or upload the rows into Ai4Qi to calculate results.
A26: Data protection
A27: Do not enter names, NHS or hospital numbers, dates of birth, addresses or any free text that could identify a patient. Use a local audit code (e.g. P001) and keep the key on a secure Trust drive.
A29: Template generated by Ai4Qi on 28 Sep 2026.
